ชื่อหลักสูตร,แผนการเรียน,ปีที่เรียน,เทอมที่เรียน,รหัสวิชา,ชื่อวิชา(ภาษาไทย),ชื่อวิชา(ภาษาอังกฤษ),จำนวนหน่วยกิต,ชั่วโมงบรรยาย,ชั่วโมงปฎิบัติ,ชั่วโมงเรียนรู้ด้วยต้นเอง,กลุ่มของวิชาตามหลักสูตร,"fact (ต้องเรียน :  0 , เลือกเรียนตัวไหนก็ได้ในหมวดเดียวกัน : 1)"
วศ.คอม 60,ไม่สหกิจ,1,1,01417167,คณิตศาสตร์วิศวกรรม I,Engineering Mathematics I,3,3,0,6,วิชาแกน,0
วศ.คอม 60,ไม่สหกิจ,1,1,01420111,ฟิสิกส์ทั่วไป I,General Physics I,3,3,0,6,วิชาแกน,0
วศ.คอม 60,ไม่สหกิจ,1,1,01420113,ปฎิบัติการฟิสิกส์ I,Laboratory in Physics I,1,0,3,2,วิชาแกน,0
วศ.คอม 60,ไม่สหกิจ,1,1,01999111,ศาสตร์แห่งแผ่นดิน,Knowledge of the Land,2,2,0,4,กลุ่มสาระพลเมืองไทยและพลเมืองโลก,0
วศ.คอม 60,ไม่สหกิจ,1,1,02204171,การเขียนโปรแกรมเชิงโครงสร้าง,Structured Programming,3,2,3,6,วิชาแกน,0
วศ.คอม 60,ไม่สหกิจ,1,1,02999144,ทักษะชีวิตการเป็นนิสิตมหาวิทยาลัย,Life Skills For Undergraduate Student,1,1,0,2,กลุ่มสาระพลเมืองไทยและพลเมืองโลก,0
วศ.คอม 60,ไม่สหกิจ,1,1,01355101,ภาษาอังกฤษในชีวิตประจำวัน,English for Everyday Life,3,3,0,6,กลุ่มสาระภาษากับการสื่อสาร,1
วศ.คอม 60,ไม่สหกิจ,1,1,01355102,ภาษาอังกฤษในมหาวิทยาลัย,English for University Life,3,3,0,6,กลุ่มสาระภาษากับการสื่อสาร,1
วศ.คอม 60,ไม่สหกิจ,1,1,01355103,ภาษาอังกฤษเพื่อโอกาสในการทำงาน,English for Job Opportunities,3,3,0,6,กลุ่มสาระภาษากับการสื่อสาร,1
วศ.คอม 60,ไม่สหกิจ,1,1,01355107,ทักษะการเขียนภาษาอังกฤษที่จำเป็น,Essential English Writing Skills,3,3,0,6,กลุ่มสาระภาษากับการสื่อสาร,1
วศ.คอม 60,ไม่สหกิจ,1,1,01355108,ภาษาอังกฤษและวัฒนธรรมจากเพลง,English and Culture through Songs,3,3,0,6,กลุ่มสาระภาษากับการสื่อสาร,1
วศ.คอม 60,ไม่สหกิจ,1,1,01355109,ทักษะการฟัง-การพูดภาษาอังกฤษที่จำเป็น,Essential English Listening-Speaking Skills,3,3,0,6,กลุ่มสาระภาษากับการสื่อสาร,1
วศ.คอม 60,ไม่สหกิจ,1,1,01361101,การใช้ภาษาไทยเบื้องต้น,Introductory Thai Usage,3,3,0,6,กลุ่มสาระภาษากับการสื่อสาร,1
วศ.คอม 60,ไม่สหกิจ,1,1,01361102,การเขียนภาษาไทยเชิงปฏิบัติ,Thai Practical Writing,3,3,0,6,กลุ่มสาระภาษากับการสื่อสาร,1
วศ.คอม 60,ไม่สหกิจ,1,1,01361103,การอ่านภาษาไทยเชิงวิจารณ์,Thai Critical Reading,3,3,0,6,กลุ่มสาระภาษากับการสื่อสาร,1
วศ.คอม 60,ไม่สหกิจ,1,1,01999021,ภาษาไทยเพื่อการสื่อสาร,Thai Language for Communication,3,3,0,6,กลุ่มสาระภาษากับการสื่อสาร,1
วศ.คอม 60,ไม่สหกิจ,1,1,01999022,ภาษาไทยในบริบทวัฒนธรรม,Thai Language in Cultural Context,3,3,0,6,กลุ่มสาระภาษากับการสื่อสาร,1
วศ.คอม 60,ไม่สหกิจ,1,1,02701011,การใช้ภาษาไทยเพื่อธุรกิจ วิทยาศาสตร์และเทคโนโลยี,Thai Usage for Business Sciences and Technology,3,3,0,6,กลุ่มสาระภาษากับการสื่อสาร,1
วศ.คอม 60,ไม่สหกิจ,1,2,01417168,คณิตศาสตร์วิศวกรรม II ,Engineering Mathematics II,3,3,0,6,วิชาแกน,0
วศ.คอม 60,ไม่สหกิจ,1,2,01420112,ฟิสิกส์ทั่วไป II ,General Physics II,3,3,0,6,วิชาแกน,0
วศ.คอม 60,ไม่สหกิจ,1,2,01420114,ปฎิบัติการฟิสิกส์ II,Laboratory in Physics II,1,0,3,2,วิชาแกน,0
วศ.คอม 60,ไม่สหกิจ,1,2,02204111,วิทยุตคณิต,Discrete Mathematics,3,3,0,6,วิชาเฉพาะด้าน,0
วศ.คอม 60,ไม่สหกิจ,1,2,02204121,หลักมูลดิจิทัล,Fundamental of Digital,3,3,0,6,วิชาเฉพาะด้าน,0
วศ.คอม 60,ไม่สหกิจ,1,2,02204122,ปฏิบัติการหลักมูลดิจิทัล,Laboratory in Fundamental of Digital,1,0,3,2,วิชาเฉพาะด้าน,0
วศ.คอม 60,ไม่สหกิจ,1,2,02204172,การฝึกปฏิบัติทางการเขียนโปรแกรมและทักษะการแก้ปัญหา,Practicum in Programming and Problem Solving Skills,1,0,3,2,วิชาเฉพาะด้าน,0
วศ.คอม 60,ไม่สหกิจ,1,2,01175XXX,พลศึกษา,Physical Education,1,0,2,3,กลุ่มสาระอยู่ดีมีสุข,1
วศ.คอม 60,ไม่สหกิจ,1,2,01007101,พืชสวนเพื่อคุณภาพชีวิตและสิ่งแวดล้อม,Horticulture for life Quality and Environment,3,3,0,6,กลุ่มสาระสุนทรียศาสตร์,1
วศ.คอม 60,ไม่สหกิจ,1,2,01240011,การออกแบบในชีวิตประจำวัน,Design in Everyday Life,3,3,0,6,กลุ่มสาระสุนทรียศาสตร์,1
วศ.คอม 60,ไม่สหกิจ,1,2,01244101,การออกแบบเพื่อความเป็นอยู่ที่ดี,Design for Well-being,3,3,0,6,กลุ่มสาระสุนทรียศาสตร์,1
วศ.คอม 60,ไม่สหกิจ,1,2,01255101,มนุษย์กับทะเล,Man and Sea,3,3,0,6,กลุ่มสาระสุนทรียศาสตร์,1
วศ.คอม 60,ไม่สหกิจ,1,2,01350102,เล่าเรื่องด้วยภาพ,Visual Storytelling,3,3,0,6,กลุ่มสาระสุนทรียศาสตร์,1
วศ.คอม 60,ไม่สหกิจ,1,2,01387102,ปรัชญาสำหรับชีวิตยุคใหม่,Philosophy for New Life,3,3,0,6,กลุ่มสาระสุนทรียศาสตร์,1
วศ.คอม 60,ไม่สหกิจ,1,2,01401201,พืชเพื่อการสร้างคุณค่าชีวิต,Plants for Value of Life Creation,3,3,0,6,กลุ่มสาระสุนทรียศาสตร์,1
วศ.คอม 60,ไม่สหกิจ,1,2,01418105,ศิลปะสร้างสรรค์ดิจิทัล,Digital Creative Arts,3,3,0,6,กลุ่มสาระสุนทรียศาสตร์,1
วศ.คอม 60,ไม่สหกิจ,1,2,01420201,อัญมณีและเครื่องประดับ,Gems and Jewelry,3,3,0,6,กลุ่มสาระสุนทรียศาสตร์,1
วศ.คอม 60,ไม่สหกิจ,1,2,01999034,ศิลปวิจักษณ์,Art Perception,3,3,0,6,กลุ่มสาระสุนทรียศาสตร์,1
วศ.คอม 60,ไม่สหกิจ,1,2,01999035,วัฒนธรรมดนตรีกับชีวิต,Music Culture in Life,3,3,0,6,กลุ่มสาระสุนทรียศาสตร์,1
วศ.คอม 60,ไม่สหกิจ,1,2,02708102,วรรณกรรมกับวิทยาศาสตร์,Literature and Science,3,3,0,6,กลุ่มสาระสุนทรียศาสตร์,1
วศ.คอม 60,ไม่สหกิจ,1,2,02728102,สารสีในงานศิลปะ,Pigments in Art,3,3,0,6,กลุ่มสาระสุนทรียศาสตร์,1
วศ.คอม 60,ไม่สหกิจ,1,2,02999037,ศิลปะแห่งสุนทรียศาสตร์เพื่อความสุข,Atrs of Aesthetics for Happiness,3,3,0,6,กลุ่มสาระสุนทรียศาสตร์,1
วศ.คอม 60,ไม่สหกิจ,1,2,03600012,เทคโนโลยีสีเขียว,Green Technology,3,3,0,6,กลุ่มสาระสุนทรียศาสตร์,1
วศ.คอม 60,ไม่สหกิจ,1,2,03654111,สุนทรียศาสตร์ทางการกีฬา,Aesthetics of Sport,3,3,0,6,กลุ่มสาระสุนทรียศาสตร์,1
วศ.คอม 60,ไม่สหกิจ,2,1,01403114,ปฏิบัติการหลักมูลเคมีทั่วไป,Laboratory in Fundamental of General Chemistry,1,0,3,2,วิชาแกน,0
วศ.คอม 60,ไม่สหกิจ,2,1,01403117,หลักมูลเคมีทั่วไป,Fundamental of General Chemistry,3,3,0,6,วิชาแกน,0
วศ.คอม 60,ไม่สหกิจ,2,1,01417267,คณิตศาสตร์วิศวกรรม III,Engineering Mathematics III,3,3,0,6,วิชาแกน,0
วศ.คอม 60,ไม่สหกิจ,2,1,02204221,วิศวกรรมไฟฟ้าสำหรับวิศวกรคอมพิวเตอร์,Electrical Engineering for Computer Engineer,3,3,0,6,วิชาเฉพาะด้าน,0
วศ.คอม 60,ไม่สหกิจ,2,1,02204231,โครงสร้างข้อมูลและขั้นตอนวิธี I,Data Structures and Algorithms I,3,3,0,6,วิชาเฉพาะด้าน,0
วศ.คอม 60,ไม่สหกิจ,2,1,02204271,การเขียนโปรแกรมเชิงวัตถุ,Object-Oriented Programming,3,2,3,6,วิชาเฉพาะด้าน,0
วศ.คอม 60,ไม่สหกิจ,2,1,01355102,ภาษาอังกฤษในมหาวิทยาลัย,English for University Life,3,3,0,6,กลุ่มสาระภาษากับการสื่อสาร,1
วศ.คอม 60,ไม่สหกิจ,2,1,01355103,ภาษาอังกฤษเพื่อโอกาสในการทำงาน,English for Job Opportunities,3,3,0,6,กลุ่มสาระภาษากับการสื่อสาร,1
วศ.คอม 60,ไม่สหกิจ,2,1,01355107,ทักษะการเขียนภาษาอังกฤษที่จำเป็น,Essential English Writing Skills,3,3,0,6,กลุ่มสาระภาษากับการสื่อสาร,1
วศ.คอม 60,ไม่สหกิจ,2,1,01355108,ภาษาอังกฤษและวัฒนธรรมจากเพลง,English and Culture through Songs,3,3,0,6,กลุ่มสาระภาษากับการสื่อสาร,1
วศ.คอม 60,ไม่สหกิจ,2,1,01355109,ทักษะการฟัง-การพูดภาษาอังกฤษที่จำเป็น,Essential English Listening-Speaking Skills,3,3,0,6,กลุ่มสาระภาษากับการสื่อสาร,1
วศ.คอม 60,ไม่สหกิจ,2,1,01355119,ทักษะการอ่านภาษาอังกฤษที่จำเป็น,Essential English Reading Skills,3,3,0,6,กลุ่มสาระภาษากับการสื่อสาร,1
วศ.คอม 60,ไม่สหกิจ,2,1,01175xxx,พลศึกษา,Physical Education,1,2,0,4,กลุ่มสาระอยู่ดีมีสุข,1
วศ.คอม 60,ไม่สหกิจ,2,1,01173151,เอดส์ศึกษา,AIDS Education,1,2,0,4,กลุ่มสาระอยู่ดีมีสุข,1
วศ.คอม 60,ไม่สหกิจ,2,1,01174123,ค่ายพักแรมนันทนาการ,Recreation Camp,1,2,0,4,กลุ่มสาระอยู่ดีมีสุข,1
วศ.คอม 60,ไม่สหกิจ,2,1,01174231,นันทนาการเบื้องต้น,Introduction to Recreation,1,2,0,4,กลุ่มสาระอยู่ดีมีสุข,1
วศ.คอม 60,ไม่สหกิจ,2,1,01176141,การวางแผนชีวิตและอาชีพสำหรับคนรุ่นใหม่,Life and Career Planning for the New Generation,1,2,0,4,กลุ่มสาระอยู่ดีมีสุข,1
วศ.คอม 60,ไม่สหกิจ,2,1,01350103,ชีวิตยืดหยุ่นได้,Resilient Life,1,2,0,4,กลุ่มสาระอยู่ดีมีสุข,1
วศ.คอม 60,ไม่สหกิจ,2,1,01387101,ศิลปะการอยู่ร่วมกับผู้อื่น,The Art of Living with Others,3,3,0,6,กลุ่มสาระอยู่ดีมีสุข,1
วศ.คอม 60,ไม่สหกิจ,2,1,01387103,ปรัชญาเศรษฐกิจพอเพียงกับพุทธศาสนา,Philosophy of Sufficiency Economics and Buddhism,1,2,0,4,กลุ่มสาระอยู่ดีมีสุข,1
วศ.คอม 60,ไม่สหกิจ,2,1,01390103,การท่องเที่ยวเพื่อความผาสุก,Tourism for Well-Being,1,2,0,4,กลุ่มสาระอยู่ดีมีสุข,1
วศ.คอม 60,ไม่สหกิจ,2,1,01402101,การรู้เท่าทันผลิตภัณฑ์เสริมความงาม,Beauty Products Literacy,1,2,0,4,กลุ่มสาระอยู่ดีมีสุข,1
วศ.คอม 60,ไม่สหกิจ,2,1,01416101,พันธุศาสตร์ในสื่อ,Genetics in Media,1,2,0,4,กลุ่มสาระอยู่ดีมีสุข,1
วศ.คอม 60,ไม่สหกิจ,2,1,01418103,สุขภาพและสังคมดิจิทัล,Health and Digital Society,1,2,0,4,กลุ่มสาระอยู่ดีมีสุข,1
วศ.คอม 60,ไม่สหกิจ,2,1,01453102,กฎหมายในชีวิตประจำวัน,Law in Everyday Life,3,3,0,6,กลุ่มสาระอยู่ดีมีสุข,1
วศ.คอม 60,ไม่สหกิจ,2,2,01208111,การเขียนแบบวิศวกรรม,Engineering Drawing,3,2,3,6,วิชาแกน,0
วศ.คอม 60,ไม่สหกิจ,2,2,02204222,ปฏิบัติการวิศวกรรมไฟฟ้าสำหรับวิศวกรคอมพิวเตอร์,Electrical Engineering for Computer Engineer Laboratory,1,0,3,2,วิชาเฉพาะด้าน,0
วศ.คอม 60,ไม่สหกิจ,2,2,02204223,หลักมูลอิเล็กทรอนิกส์,Electronics Fundamentals,3,3,0,6,วิชาเฉพาะด้าน,0
วศ.คอม 60,ไม่สหกิจ,2,2,02204232,โครงสร้างข้อมูลและขั้นตอนวิธี II,Data Structures and Algorithms II,3,3,0,6,วิชาเฉพาะด้าน,0
วศ.คอม 60,ไม่สหกิจ,2,2,02204241,สถาปัตยกรรมคอมพิวเตอร์,Computer Architecture,3,3,0,6,วิชาเฉพาะด้าน,0
วศ.คอม 60,ไม่สหกิจ,2,2,02204272,ค่ายพัฒนาซอฟต์แวร์,Software Development Camp,1,0,3,2,วิชาเฉพาะด้าน,0
วศ.คอม 60,ไม่สหกิจ,2,2,02204281,การสื่อสารข้อมูลและระบบเครือข่ายคอมพิวเตอร์,Data Communications and Computer Network Systems,3,3,0,6,วิชาเฉพาะด้าน,0
วศ.คอม 60,ไม่สหกิจ,2,2,01459101, จิตวิทยาเพื่อชีวิตสมัยใหม่,Psychology for Modern Life,3,3,0,6,กลุ่มสาระอยู่ดีมีสุข,1
วศ.คอม 60,ไม่สหกิจ,2,2,01459102,จิตวิทยากับความหลากหลายของมนุษย์,Psychology and Human Diversity,3,3,0,6,กลุ่มสาระอยู่ดีมีสุข,1
วศ.คอม 60,ไม่สหกิจ,2,2,01999011,อาหารเพื่อมนุษยชาติ,Food for Mankind,3,3,0,6,กลุ่มสาระอยู่ดีมีสุข,1
วศ.คอม 60,ไม่สหกิจ,2,2,01999012,สุขภาพเพื่อชีวิต,Health for Life,3,3,0,6,กลุ่มสาระอยู่ดีมีสุข,1
วศ.คอม 60,ไม่สหกิจ,2,2,01999033,ศิลปะการดำเนินชีวิต,Arts of Living,3,3,0,6,กลุ่มสาระอยู่ดีมีสุข,1
วศ.คอม 60,ไม่สหกิจ,2,2,01999036,ความสุขในพลวัตของชีวิต,Happiness amongst Life Dynamics,3,3,0,6,กลุ่มสาระอยู่ดีมีสุข,1
วศ.คอม 60,ไม่สหกิจ,2,2,01999048,นวัตกรรมเพื่อสิ่งแวดล้อมและสุขภาวะ,Innovation for Environment and Well-being,3,3,0,6,กลุ่มสาระอยู่ดีมีสุข,1
วศ.คอม 60,ไม่สหกิจ,2,2,01999051,การพัฒนาสมรรถนะหลักผ่านสุขภาพหนึ่งเดียว,Development of Core Competency through One Health,3,3,0,6,กลุ่มสาระอยู่ดีมีสุข,1
วศ.คอม 60,ไม่สหกิจ,2,2,01999213,สิ่งแวดล้อม เทคโนโลยี และชีวิต,"Environment, Technology and Life",3,3,0,6,กลุ่มสาระอยู่ดีมีสุข,1
วศ.คอม 60,ไม่สหกิจ,2,2,02032304,เกษตรเพื่อโลกสีเขียว,Agriculture for Green Earth,3,3,0,6,กลุ่มสาระอยู่ดีมีสุข,1
วศ.คอม 60,ไม่สหกิจ,2,2,02032303,การเกษตรกับคุณภาพชีวิตที่ดี,Agriculture and Quality of Life,3,3,0,6,กลุ่มสาระอยู่ดีมีสุข,1
วศ.คอม 60,ไม่สหกิจ,2,2,02717011,ตนและการพัฒนาตน,Self and Self Development,3,3,0,6,กลุ่มสาระอยู่ดีมีสุข,1
วศ.คอม 60,ไม่สหกิจ,2,2,02724012,การพัฒนาบุคลิกภาพ,Personality Development,3,3,0,6,กลุ่มสาระอยู่ดีมีสุข,1
วศ.คอม 60,ไม่สหกิจ,2,2,02727104,สิ่งมีชีวิตกับภัยพิบัติทางธรรมชาติ,Living Things and Natural Disasters,3,3,0,6,กลุ่มสาระอยู่ดีมีสุข,1
วศ.คอม 60,ไม่สหกิจ,2,2,02728101,เคมีในชีวิตสมัยใหม่,Chemistry in Modern Life,3,3,0,6,กลุ่มสาระอยู่ดีมีสุข,1
วศ.คอม 60,ไม่สหกิจ,2,2,02999038,ความสุขในศตวรรษที่ 21,Happiness in the 21st Century,3,3,0,6,กลุ่มสาระอยู่ดีมีสุข,1
วศ.คอม 60,ไม่สหกิจ,2,2,02999044,เศรษฐกิจพอเพียงเพื่อการดำรงชีวิต,Sufficiency Economy for Living,3,3,0,6,กลุ่มสาระอยู่ดีมีสุข,1
วศ.คอม 60,ไม่สหกิจ,2,2,02999045,การเพิ่มคุณค่าชีวิตด้วยวิถีชุมชน,Enhancement of Living Value through Community Path,3,3,0,6,กลุ่มสาระอยู่ดีมีสุข,1
วศ.คอม 60,ไม่สหกิจ,3,1,02204224,ปฏิบัติการหลักมูลอิเล็กทรอนิกส์,Electronics Fundamentals Laboratory,1,0,3,2,วิชาเฉพาะด้าน,0
วศ.คอม 60,ไม่สหกิจ,3,1,02204311,ความน่าจะเป็นและสถิติสำหรับวิศวกรคอมพิวเตอร์,Probability and Statistics for Computer Engineers,3,3,0,6,วิชาเฉพาะด้าน,0
วศ.คอม 60,ไม่สหกิจ,3,1,02204321,สัญญาณและระบบ,Signals and Systems,3,3,0,6,วิชาเฉพาะด้าน,0
วศ.คอม 60,ไม่สหกิจ,3,1,02204351,วิศวกรรมระบบปฏิบัติการ,Operating Systems Engineering,3,3,0,6,วิชาเฉพาะด้าน,0
วศ.คอม 60,ไม่สหกิจ,3,1,02204361,การจัดการระบบฐานข้อมูล ,Database Systems Management,3,3,0,6,วิชาเฉพาะด้าน,0
วศ.คอม 60,ไม่สหกิจ,3,1,02204381,ปฏิบัติการสื่อสารข้อมูลและระบบเครือข่ายคอมพิวเตอร์,Data Communications and Computer Network Systems Laboratory,1,0,3,2,วิชาเฉพาะด้าน,0
วศ.คอม 60,ไม่สหกิจ,3,1,01355103,ภาษาอังกฤษเพื่อโอกาสในการทำงาน,English for Job Opportunities,3,3,0,6,กลุ่มสาระภาษากับการสื่อสาร,1
วศ.คอม 60,ไม่สหกิจ,3,1,01355107,ทักษะการเขียนภาษาอังกฤษที่จำเป็น,Essential English Writing Skills,3,3,0,6,กลุ่มสาระภาษากับการสื่อสาร,1
วศ.คอม 60,ไม่สหกิจ,3,1,01355108,ภาษาอังกฤษและวัฒนธรรมจากเพลง,English and Culture through Songs,3,3,0,6,กลุ่มสาระภาษากับการสื่อสาร,1
วศ.คอม 60,ไม่สหกิจ,3,1,01355109,ทักษะการฟัง-การพูดภาษาอังกฤษที่จำเป็น,Essential English Listening-Speaking Skills,3,3,0,6,กลุ่มสาระภาษากับการสื่อสาร,1
วศ.คอม 60,ไม่สหกิจ,3,1,01005101,เทคโนโลยีเกษตรสมัยใหม่,Modern Agricultural Technology,3,3,0,6,กลุ่มสาระศาสตร์แห่งผู้ประกอบการ,1
วศ.คอม 60,ไม่สหกิจ,3,1,01101101,เศรษฐศาสตร์ทั่วไปในกระแสโลกาภิวัตน์,General Economics in Globalization,3,3,0,6,กลุ่มสาระศาสตร์แห่งผู้ประกอบการ,1
วศ.คอม 60,ไม่สหกิจ,3,1,01131111,การเงินสำหรับผู้ประกอบการ,Finance for Entrepreneurs,3,3,0,6,กลุ่มสาระศาสตร์แห่งผู้ประกอบการ,1
วศ.คอม 60,ไม่สหกิจ,3,1,01177141,การแสวงหาความรู้,Knowledge Acquisition,3,3,0,6,กลุ่มสาระศาสตร์แห่งผู้ประกอบการ,1
วศ.คอม 60,ไม่สหกิจ,3,1,01200101,การคิดเชิงนวัตกรรม,Innovative Thinking,3,3,0,6,กลุ่มสาระศาสตร์แห่งผู้ประกอบการ,1
วศ.คอม 60,ไม่สหกิจ,3,1,01387105,พุทธจริยศาสตร์ในการดำเนินธุรกิจ,Buddhist Ethics of Business Operations,3,3,0,6,กลุ่มสาระศาสตร์แห่งผู้ประกอบการ,1
วศ.คอม 60,ไม่สหกิจ,3,1,01390104,การพัฒนาบุคลิกภาพเพื่อการเป็นผู้ประกอบการสมัยใหม่,Personality Development for Modern Entrepreneur,3,3,0,6,กลุ่มสาระศาสตร์แห่งผู้ประกอบการ,1
วศ.คอม 60,ไม่สหกิจ,3,1,01418102,เทคโนโลยีสารสนเทศเพื่อผู้ประกอบการ,Information Technology for Entrepreneurs,3,3,0,6,กลุ่มสาระศาสตร์แห่งผู้ประกอบการ,1
วศ.คอม 60,ไม่สหกิจ,3,1,01453103,กฎหมายสำหรับผู้ประกอบการใหม่,Laws for New Entrepreneur,3,3,0,6,กลุ่มสาระศาสตร์แห่งผู้ประกอบการ,1
วศ.คอม 60,ไม่สหกิจ,3,1,01999041,เศรษฐศาสตร์เพื่อการดำเนินชีวิตที่ดี,Economics for Better Living,3,3,0,6,กลุ่มสาระศาสตร์แห่งผู้ประกอบการ,1
วศ.คอม 60,ไม่สหกิจ,3,1,01999043,การคิดสร้างสรรค์เพื่อการจัดการคุณค่า,Creativity for Value Management,3,3,0,6,กลุ่มสาระศาสตร์แห่งผู้ประกอบการ,1
วศ.คอม 60,ไม่สหกิจ,3,2,02204341,ระบบฝังตัว,Embedded System,3,2,3,6,วิชาเฉพาะด้าน,0
วศ.คอม 60,ไม่สหกิจ,3,2,02204371,วิศวกรรมซอฟต์แวร์,Software Engineering,3,3,0,6,วิชาเฉพาะด้าน,0
วศ.คอม 60,ไม่สหกิจ,3,2,02204372,การบริหารจัดการเทคโนโลยีสารสนเทศ,Management of Information Technology,3,3,0,6,วิชาเฉพาะด้าน,0
วศ.คอม 60,ไม่สหกิจ,3,2,02204497,สัมมนา,Seminar,1,2,0,4,วิชาเฉพาะด้าน,0
วศ.คอม 60,ไม่สหกิจ,3,2,02206111,วัสดุวิศวกรรม,Engineering Material,3,3,0,6,วิชาแกน,0
วศ.คอม 60,ไม่สหกิจ,3,2,02204451,สถาปัตยกรรมเชิงบริการ,Service Oriented Architectures,3,3,0,6,วิชาเลือก,1
วศ.คอม 60,ไม่สหกิจ,3,2,02204472,การพัฒนาโมบายแอปพลิเคชัน,Mobile Application Development,3,3,0,6,วิชาเลือก,1
วศ.คอม 60,ไม่สหกิจ,3,2,02204412,การประมวลผลภาพดิจิทัล,Digital Image Processing,3,3,0,6,วิชาเลือก,1
วศ.คอม 60,ไม่สหกิจ,3,2,02204432,การคำนวณเชิงวิวัฒนาการ,Evolutionary Computation,3,3,0,6,วิชาเลือก,1
วศ.คอม 60,ไม่สหกิจ,3,2,02204461,คลังข้อมูลและการทำเหมืองข้อมูล,Data Warehouse and Data Mining,3,3,0,6,วิชาเลือก,1
วศ.คอม 60,ไม่สหกิจ,3,2,02204421,การออกแบบระบบเมคาทรอนิกส์,Mechatronic Systems Design,3,3,0,6,วิชาเลือก,1
วศ.คอม 60,ไม่สหกิจ,3,2,01999112,แนวคิดเศรษฐกิจหมุนเวียนเพื่อความยั่งยืน,Circular Economy Concept for Sustainability,3,3,0,6,กลุ่มสาระศาสตร์แห่งผู้ประกอบการ,1
วศ.คอม 60,ไม่สหกิจ,3,2,02714101,การคิดเชิงวิพากษ์และการแก้ปัญหา,Critical Thinking and Problem Solving,3,3,0,6,กลุ่มสาระศาสตร์แห่งผู้ประกอบการ,1
วศ.คอม 60,ไม่สหกิจ,3,2,02721121,การจัดการธุรกิจเพื่อสังคมที่ยั่งยืน,Business Management for Social Sustainability,3,3,0,6,กลุ่มสาระศาสตร์แห่งผู้ประกอบการ,1
วศ.คอม 60,ไม่สหกิจ,3,2,03600014,การแก้ปัญหาเชิงสร้างสรรค์และทักษะการคิดเชิงวิพากษ์,Creative Problem Solving and Critical Thinking Skills,3,3,0,6,กลุ่มสาระศาสตร์แห่งผู้ประกอบการ,1
วศ.คอม 60,ไม่สหกิจ,3,2,03757123,คณิตศาสตร์สำหรับธุรกิจ,Mathematics for Business,3,3,0,6,กลุ่มสาระศาสตร์แห่งผู้ประกอบการ,1
วศ.คอม 60,ไม่สหกิจ,4,1,02204495,โครงงานวิศวกรรมคอมพิวเตอร์ I,Computer Engineering Project I,2,2,0,4,วิชาเลือก,1
วศ.คอม 60,ไม่สหกิจ,4,1,02204433,การรู้จำรูปแบบ,Pattern Recognition,3,3,0,6,วิชาเลือก,1
วศ.คอม 60,ไม่สหกิจ,4,1,02204452,ระบบความปลอดภัยของข้อมูล,Data Security System,3,3,0,6,วิชาเลือก,1
วศ.คอม 60,ไม่สหกิจ,4,1,02204431,ปัญญาประดิษฐ์สำหรับวิศวกรคอมพิวเตอร์,Artificial Intelligence for Computer Engineer,3,3,0,6,วิชาเลือก,1
วศ.คอม 60,ไม่สหกิจ,4,1,02204462,ระบบธุรกิจอัจฉริยะและการจัดการความรู้,Business Intelligence System and Knowledge Management,3,3,0,6,วิชาเลือก,1
วศ.คอม 60,ไม่สหกิจ,4,1,02204481,การออกแบบโครงข่ายคอมพิวเตอร์,Computer Network Design,3,3,0,6,วิชาเลือก,1
วศ.คอม 60,ไม่สหกิจ,4,1,XXXXXXXX,วิชาเลือกเสรี,Free Subject,3,3,0,6,วิชาเลือกเสรี,0
วศ.คอม 60,ไม่สหกิจ,4,1,01371111,สื่อสารสนเทศเพื่อการเรียนรู้,Information Media for Learning,1,2,0,4,กลุ่มสาระภาษากับการสื่อสาร,1
วศ.คอม 60,ไม่สหกิจ,4,1,01418104,รู้ทันไอที,IT Updates,1,2,0,4,กลุ่มสาระภาษากับการสื่อสาร,1
วศ.คอม 60,ไม่สหกิจ,4,1,01418111,วิทยาการคอมพิวเตอร์เบื้องต้น,Introduction to Computer Science,1,2,0,4,กลุ่มสาระภาษากับการสื่อสาร,1
วศ.คอม 60,ไม่สหกิจ,4,1,01999013,พลเมืองดิจิทัล,Digital Citizens,1,2,0,4,กลุ่มสาระภาษากับการสื่อสาร,1
วศ.คอม 60,ไม่สหกิจ,4,1,01999023,ทักษะความเข้าใจและใช้เทคโนโลยีดิจิทัล,Digital Literacy,1,2,0,4,กลุ่มสาระภาษากับการสื่อสาร,1
วศ.คอม 60,ไม่สหกิจ,4,1,02729102,การประยุกต์คอมพิวเตอร์ในชีวิตประจำวัน,Computer Application in Everyday Life,1,2,0,4,กลุ่มสาระภาษากับการสื่อสาร,1
วศ.คอม 60,ไม่สหกิจ,4,1,03600013,เครื่องมือและทักษะทางคอมพิวเตอร์ที่จำเป็น,Essential Computer Tools and Skills,1,2,0,4,กลุ่มสาระภาษากับการสื่อสาร,1
วศ.คอม 60,ไม่สหกิจ,4,1,03752111,ทรัพยากรสารสนเทศเพื่อการค้นคว้า,Information Resources for Research,1,2,0,4,กลุ่มสาระภาษากับการสื่อสาร,1
วศ.คอม 60,ไม่สหกิจ,4,2,02204499,โครงงานวิศวกรรมคอมพิวเตอร์ II,Computer Engineering Project II,2,0,6,3,วิชาเลือก,0
วศ.คอม 60,ไม่สหกิจ,4,2,02204451,สถาปัตยกรรมเชิงบริการ,Service Oriented Architectures,3,3,0,6,วิชาเลือก,1
วศ.คอม 60,ไม่สหกิจ,4,2,02204472,การพัฒนาโมบายแอปพลิเคชัน,Mobile Application Development,3,3,0,6,วิชาเลือก,1
วศ.คอม 60,ไม่สหกิจ,4,2,02204412,การประมวลผลภาพดิจิทัล,Digital Image Processing,3,3,0,6,วิชาเลือก,1
วศ.คอม 60,ไม่สหกิจ,4,2,02204432,การคำนวณเชิงวิวัฒนาการ,Evolutionary Computation,3,3,0,6,วิชาเลือก,1
วศ.คอม 60,ไม่สหกิจ,4,2,02204461,คลังข้อมูลและการทำเหมืองข้อมูล,Data Warehouse and Data Mining,3,3,0,6,วิชาเลือก,1
วศ.คอม 60,ไม่สหกิจ,4,2,02204421,การออกแบบระบบเมคาทรอนิกส์,Mechatronic Systems Design,3,3,0,6,วิชาเลือก,1
วศ.คอม 60,ไม่สหกิจ,4,2,XXXXXXXX,วิชาเลือกเสรี,Free Subject,3,3,0,6,วิชาเลือกเสรี,0
